patient_id,study_id,lesion_id,segmentation_id,image_view,image_filename,mammography_type,mammography_nodule,mammography_calcification,mammography_microcalcification,mammography_axillary_adenopathy,mammography_architectural_distortion,mammography_stroma_distortion,age,density,i_mean,i_median,i_std_dev,i_maximum,i_minimum,i_kurtosis,i_skewness,s_area,s_perimeter,s_x_center_mass,s_y_center_mass,s_circularity,s_elongation,s_form,t_contr,t_corr,t_entro,classification
178,184,184,1,2,patient_178/study_184/img_178_184_LCC.tif,1,1,0,0,0,0,0,42.6767,4,163.2744903564,182,60.778717041,250,20,-0.5695636868,-0.7643634677,14820,362.4407043457,60.5993270874,127.7687454224,1,0.8769230843,0.8416734934,16.3966255188,0.0002693936,7.8092517853,Benign
178,184,184,2,4,patient_178/study_184/img_178_184_LO.tif,1,1,0,0,0,0,0,42.6767,4,185.6553192139,200,34.2685966492,239,79,0.2210025191,-1.142706871,11628,319.1858520508,132.1567993164,273.6024169922,1,0.8947368264,0.8362910151,18.0277786255,0.0008614504,7.309741497,Benign
182,188,188,7,2,patient_182/study_188/img_182_188_LCC.tif,1,1,0,0,0,0,0,68.7781,4,110.2179412842,119,37.6039505005,179,6,-0.6517698169,-0.5679869652,19950,421.695526123,231.9702606201,178.76121521,1,0.8866666555,0.8437379599,5.5769925117,0.0007004035,7.0787968636,Malign
182,188,188,8,4,patient_182/study_188/img_182_188_LO.tif,1,1,0,0,0,0,0,68.7781,4,116.2141342163,120,49.1918525696,210,8,-1.1513941288,-0.1721578985,20562,432.1808166504,289.3615722656,287.13671875,1,0.9261745214,0.8508384228,7.0056414604,0.0004099583,7.4151945114,Malign
190,196,196,13,2,patient_190/study_196/img_190_196_LCC.tif,1,1,0,0,0,0,0,57.1425,4,123.9716873169,124,70.8502655029,255,3,-1.1956613064,-0.0339984745,72891,808.3200073242,213.3789520264,255.220199585,1,0.9780219793,0.8446334004,18.3528556824,0.0001981529,8.1515245438,Benign
